INSERT INTO `address_area` (`id`, `city_id`, `title`, `last_update`) VALUES (1,1,'Советский','2013-11-01 08:31:20');
INSERT INTO `address_city` (`id`, `country_id`, `title`, `last_update`) VALUES (1,1,'Уфа','2013-11-01 08:30:29'),(2,1,'Москва','2013-11-01 08:30:36');
INSERT INTO `address_country` (`id`, `title`, `last_update`) VALUES (1,'Россия','2013-11-01 08:30:21');
INSERT INTO `address_house` (`id`, `area_id`, `quarter_id`, `street_id`, `house`, `frac`, `post_index`, `comment`, `last_update`) VALUES (1,1,1,1,12,'/2','450122','','2013-11-01 08:34:16'),(2,1,1,1,14,'','450222','','2013-11-01 08:34:37');
INSERT INTO `address_quarter` (`id`, `city_id`, `title`, `last_update`) VALUES (1,1,'323','2013-11-01 08:31:30');
INSERT INTO `address_street` (`id`, `city_id`, `title`, `last_update`) VALUES (1,1,'Ленина','2013-11-01 08:30:45'),(2,1,'Октября проспект','2013-11-01 08:30:58');
INSERT INTO `callboard_shift` (`id`, `category`, `title`, `comment`, `color`, `use_own_color`, `config`, `symbol`) VALUES (1,2,'Подключения всего','','#ff9900',_binary '','rule.0.workTypeId=1\nrule.0.timeFrom=01/01/2010 09:00\nrule.0.timeTo=01/01/2010 12:00\nrule.0.isDynamic=0\nrule.1.workTypeId=3\nrule.1.timeFrom=01/01/2010 12:00\nrule.1.timeTo=01/01/2010 13:00\nrule.1.isDynamic=0\nrule.2.workTypeId=1\nrule.2.timeFrom=01/01/2010 13:00\nrule.2.timeTo=01/01/2010 18:00\nrule.2.isDynamic=0\n','ИК'),(2,2,'Подключения только Интернет','','#008000',_binary '','rule.0.workTypeId=2\nrule.0.timeFrom=01/01/2010 09:00\nrule.0.timeTo=01/01/2010 11:00\nrule.0.isDynamic=0\nrule.1.workTypeId=3\nrule.1.timeFrom=01/01/2010 11:00\nrule.1.timeTo=01/01/2010 12:00\nrule.1.isDynamic=0\nrule.2.workTypeId=2\nrule.2.timeFrom=01/01/2010 12:00\nrule.2.timeTo=01/01/2010 18:00\nrule.2.isDynamic=0\n','И');
INSERT INTO `callboard_shift_user` (`id`, `graph`, `user`, `group`, `team`, `date`, `shift`, `work_type`, `time_from`, `time_to`, `is_dynamic`, `comment`) VALUES (1,1,5,6,0,'2016-01-10',1,1,540,720,_binary '\0',''),(2,1,5,6,0,'2016-01-10',1,3,720,780,_binary '\0',''),(3,1,5,6,0,'2016-01-10',1,1,780,1080,_binary '\0',''),(4,1,5,6,0,'2016-01-11',1,1,540,720,_binary '\0',''),(5,1,5,6,0,'2016-01-11',1,3,720,780,_binary '\0',''),(6,1,5,6,0,'2016-01-11',1,1,780,1080,_binary '\0',''),(16,1,5,6,0,'2016-01-12',1,1,540,720,_binary '\0',''),(17,1,5,6,0,'2016-01-12',1,3,720,780,_binary '\0',''),(18,1,5,6,0,'2016-01-12',1,1,780,1080,_binary '\0',''),(19,1,5,6,0,'2016-01-13',1,1,540,720,_binary '\0',''),(20,1,5,6,0,'2016-01-13',1,3,720,780,_binary '\0',''),(21,1,5,6,0,'2016-01-13',1,1,780,1080,_binary '\0',''),(22,1,5,6,0,'2016-01-14',1,1,540,720,_binary '\0',''),(23,1,5,6,0,'2016-01-14',1,3,720,780,_binary '\0',''),(24,1,5,6,0,'2016-01-14',1,1,780,1080,_binary '\0',''),(25,1,5,6,0,'2016-01-15',1,1,540,720,_binary '\0',''),(26,1,5,6,0,'2016-01-15',1,3,720,780,_binary '\0',''),(27,1,5,6,0,'2016-01-15',1,1,780,1080,_binary '\0',''),(34,1,5,6,0,'2016-01-18',1,1,540,720,_binary '\0',''),(35,1,5,6,0,'2016-01-18',1,3,720,780,_binary '\0',''),(36,1,5,6,0,'2016-01-18',1,1,780,1080,_binary '\0',''),(37,1,5,6,0,'2016-01-19',1,1,540,720,_binary '\0',''),(38,1,5,6,0,'2016-01-19',1,3,720,780,_binary '\0',''),(39,1,5,6,0,'2016-01-19',1,1,780,1080,_binary '\0',''),(40,1,5,6,0,'2016-01-20',1,1,540,720,_binary '\0',''),(41,1,5,6,0,'2016-01-20',1,3,720,780,_binary '\0',''),(42,1,5,6,0,'2016-01-20',1,1,780,1080,_binary '\0',''),(43,1,5,6,0,'2016-01-21',1,1,540,720,_binary '\0',''),(44,1,5,6,0,'2016-01-21',1,3,720,780,_binary '\0',''),(45,1,5,6,0,'2016-01-21',1,1,780,1080,_binary '\0',''),(46,1,6,7,0,'2016-01-10',2,2,540,660,_binary '\0',''),(47,1,6,7,0,'2016-01-10',2,3,660,720,_binary '\0',''),(48,1,6,7,0,'2016-01-10',2,2,720,1080,_binary '\0',''),(49,1,6,7,0,'2016-01-12',2,2,540,660,_binary '\0',''),(50,1,6,7,0,'2016-01-12',2,3,660,720,_binary '\0',''),(51,1,6,7,0,'2016-01-12',2,2,720,1080,_binary '\0',''),(52,1,6,7,0,'2016-01-13',2,2,540,660,_binary '\0',''),(53,1,6,7,0,'2016-01-13',2,3,660,720,_binary '\0',''),(54,1,6,7,0,'2016-01-13',2,2,720,1080,_binary '\0',''),(55,1,6,7,0,'2016-01-14',2,2,540,660,_binary '\0',''),(56,1,6,7,0,'2016-01-14',2,3,660,720,_binary '\0',''),(57,1,6,7,0,'2016-01-14',2,2,720,1080,_binary '\0',''),(58,1,6,7,0,'2016-01-15',2,2,540,660,_binary '\0',''),(59,1,6,7,0,'2016-01-15',2,3,660,720,_binary '\0',''),(60,1,6,7,0,'2016-01-15',2,2,720,1080,_binary '\0',''),(61,1,6,7,0,'2016-01-11',2,2,540,660,_binary '\0',''),(62,1,6,7,0,'2016-01-11',2,3,660,720,_binary '\0',''),(63,1,6,7,0,'2016-01-11',2,2,720,1080,_binary '\0',''),(64,1,6,7,0,'2016-01-16',2,2,540,660,_binary '\0',''),(65,1,6,7,0,'2016-01-16',2,3,660,720,_binary '\0',''),(66,1,6,7,0,'2016-01-16',2,2,720,1080,_binary '\0',''),(67,1,6,7,0,'2016-01-17',2,2,540,660,_binary '\0',''),(68,1,6,7,0,'2016-01-17',2,3,660,720,_binary '\0',''),(69,1,6,7,0,'2016-01-17',2,2,720,1080,_binary '\0',''),(70,1,6,7,0,'2016-01-18',2,2,540,660,_binary '\0',''),(71,1,6,7,0,'2016-01-18',2,3,660,720,_binary '\0',''),(72,1,6,7,0,'2016-01-18',2,2,720,1080,_binary '\0',''),(73,1,6,7,0,'2016-01-19',2,2,540,660,_binary '\0',''),(74,1,6,7,0,'2016-01-19',2,3,660,720,_binary '\0',''),(75,1,6,7,0,'2016-01-19',2,2,720,1080,_binary '\0',''),(76,1,6,7,0,'2016-01-21',2,2,540,660,_binary '\0',''),(77,1,6,7,0,'2016-01-21',2,3,660,720,_binary '\0',''),(78,1,6,7,0,'2016-01-21',2,2,720,1080,_binary '\0',''),(79,1,6,7,0,'2016-01-20',2,2,540,660,_binary '\0',''),(80,1,6,7,0,'2016-01-20',2,3,660,720,_binary '\0',''),(81,1,6,7,0,'2016-01-20',2,2,720,1080,_binary '\0','');
INSERT INTO `callboard_task` (`group`, `team`, `graph`, `user_id`, `time`, `slot_from`, `duration`, `reference`, `process_id`) VALUES (6,0,1,5,'2016-01-15 09:00:00',0,30,'Ленина, д. 14 : Иванов Иван Иванович\nТелефон 855584444 звонить после шести, есть домофон, код 12.\nНеобходима настройка телевизора. ',10);
INSERT INTO `callboard_work_type` (`id`, `category`, `title`, `comment`, `config`, `non_work_hours`, `shortcut`, `type`, `rule_config`) VALUES (1,2,'Подключение Интернет + КТВ','Подключение Интернет + КТВ = 60 минут; \nТолько Интернет = 30 минут','color=#008080\nshortcuts=\ntimeSetStep=30\ntimeSetMode=1\n',_binary '\0',0,1,'# только интернет\nrule.1.checkExpression=1 =~ processParam.listValueIds( 28 )  && 2 !~ processParam.listValueIds( 28 )\nrule.1.duration=30\n# Интернет + КТВ\nrule.2.checkExpression=1 =~ processParam.listValueIds( 28 ) && 2 =~ processParam.listValueIds( 28 )\nrule.2.duration=60'),(2,2,'Подключение Интернет','Подключение Интернет = 30 минут','color=#008000\nshortcuts=\ntimeSetStep=30\ntimeSetMode=1\n',_binary '\0',0,1,'rule.1.checkExpression=true\n#1 =~ processParam.listValueIds( 28 )  && 2 !~ processParam.listValueIds( 28 )\nrule.1.duration=30'),(3,1,'Обед','','color=#ff6600\nshortcuts=\ntimeSetStep=0\ntimeSetMode=0\n',_binary '',0,1,''),(4,1,'Болел','','color=#ff0000\nshortcuts=\ntimeSetStep=0\ntimeSetMode=0\n',_binary '',0,1,'');
INSERT INTO `customer` (`id`, `title`, `title_pattern_id`, `title_pattern`, `param_group_id`, `date_created`, `user_id_created`, `pswd`) VALUES (1,'Иванов Иван Петрович',-1,'',2,'2013-10-31 15:07:03',-1,''),(2,'ООО \"Дубитель\"',1,'',1,'2013-10-31 15:08:44',-1,''),(3,'Иванов Иван Иванович',-1,'',2,'2013-11-01 19:07:58',-1,''),(4,'ООО \"Рога и копыта\"',-1,'',1,'2013-11-04 16:00:33',-1,'');
INSERT INTO `customer_link` (`customer_id`, `object_type`, `object_id`, `object_title`, `dt_created`, `config`) VALUES (3,'contract:bg',2,'FW00001-13','0000-00-00 00:00:00',''),(3,'contract:bg',4,'FW00002-13','0000-00-00 00:00:00',''),(4,'contract:bg',3,'UW00001-13','0000-00-00 00:00:00','');
INSERT INTO `file_data` (`id`, `title`, `time`, `secret`) VALUES (1,'1.doc','2013-11-04 12:30:29','DA57096937832FEEEA0E05E6FD2741CE');
INSERT INTO `n_config_global` (`id`, `active`, `title`, `data`, `dt`, `user_id`, `last_modify_user_id`, `last_modify_dt`) VALUES (1,1,'0_Основная конфигурация','# формат адресного параметра, доступны переменные: index, сity, area, quarter, street, house, flat, room, pod, floor, comment \naddress.format=(${city})(, ${street})(, д. ${house})(, кв. ${flat})( ${room})\n# краткий формат адреса, используется в т.ч. для генерации описания в плане работ\naddress.format.fromStreet=(${street})(, д. ${house})(${frac})(, кв. ${flat})( ${room})(, ${pod} под.)(, ${floor} эт.)( ${comment})\n#\n# шаблон описания контрагента для поиска \n# в нём можно указать параметры контрагента подстановками вида (param:<code>); например: (${param:73} г.р.)(, ${param:12})\ncustomer.reference.pattern=(${param:1} г.р.)(, ${param:19})\n#\n# минимальная длина подстроки в поиске контрагента\nsearchCustomerTitleMinSubstringLength=0\n#\n# форматирование параметра типа \"phone\", общий формат одного номера\nparam.phone.format=(${number})( [${comment}]);\n# форматирование поля ${number} внутри каждого номера, в зависимости от формата\nparam.phone.format.number=+X XXX XXX-XX-XX\nparam.phone.format.number.f10=+X XXX-XXX-XX-XX\nparam.phone.format.number.f13=+X (XXX) XXX-XX-XX\nparam.phone.format.number.f14=+X (XXXX) XX-XX-XX\nparam.phone.format.number.f15=+X (XXXXX) X-XX-XX\n# количество полей в параметре типа \"телефон\"\nparam.phone.item.count=4\n# префикс по-умолчанию для параметра типа \"телефон\"\nparam.phone.default.prefix=3472\n# ускорение ввода номеров - подстановка 7 в код страны\nparam.phone.part.1.default=7\n# переход в третье поле при введение во втором кода российского мобильного, без удаление последнего символа\nparam.phone.part.2.jumpRegexp.1.regexp=^9\\d{2}\nparam.phone.part.2.jumpRegexp.1.moveLastChars=0\n# переход в третье поле с переносом последнего введённого во втором поле при наборе во втором поле 3472\nparam.phone.part.2.jumpRegexp.2.regexp=^3472\nparam.phone.part.2.jumpRegexp.2.moveLastChars=1\n#\n# при пробросе запросов на сервер с помощью Proxy сервера - имя HTTP заголовка, в котором передаётся адрес клиента\n#header.name.remote.addr=X-Real-IP\n#\n# роли, в которых контрагент может быть привязан к процессу, роли должны начинаться с customer, например: customer:Контрагент;customerSogl:Согласователь\nprocessCustomerLinkRoles=customer:Контрагент\n# \n# проверка прав доступа пользователей, 1 - включить \nuser.permission.check=0\n#\n# допустимые символы, диапазон длин пароля пользователей\nuser.password.chars=1234567890qwertyupasdfghjkzxcvbnmiloQWERTYUIOPASDFGHJKLZXCVBNM\nuser.password.length.min=5\nuser.password.length.max=10\n#\n# роли групп в процессах, добавляются через точку с запятой в виде <id>:<title> \nprocessGroupRoles=0:Выполнение\n#\n# параметры EMail \nmail.smtp.host=smtp.yandex.com\nmail.smtp.user=demo@bgcrm.ru\nmail.smtp.pswd=bgdemo\n#\n# динамический код \ndynamic.src.dir=dyn\ndynamic.src.encoding=UTF-8\n#\n# перечень через запятую динамических или обычных классов, реализующих интерфейс java.lang.Runnable, запускаемых при старте сервера\n#runOnStart=\n# перечень через запятую динамических или обычных классов, объекты которых создаются при старте сервера, при перекомпиляции динамических классов создание объектов производится повторно\n#createOnStart=\n#\n# Плагин BGBilling\ninclude.2=1\n#\n# Планировщик\ninclude.3=1\n#\n# Сообщения\ninclude.4=1\n#\n# График дежурств\ninclude.5=1\n','2016-03-26 00:38:54',-1,1,'2016-03-26 00:38:54'),(2,0,'Плагин BGBilling','# Биллинги\nbgbilling.1.id=bg\nbgbilling.1.title=TEST\nbgbilling.1.url=https://demo.bgbilling.ru/executer\nbgbilling.1.version=7.2\nbgbilling.1.customerIdParam=8\n#  форма собств., наименование\nbgbilling.1.copyParamMapping=3[3,4,5]:9[5,6,7];7:1\n# дата рождения, серия и номер паспорта\nbgbilling.1.copyParamMapping+=;1:10;2:11\n# должность руководителя, адрес юридический, ИНН\nbgbilling.1.copyParamMapping+=;18[1,2]:3[1,2];4:13;6:14\n#\n# шаблоны договоров\nbgbilling:contractType.1.title=Интернет физ. лицо\nbgbilling:contractType.1.billing=bg\nbgbilling:contractType.1.patternId=1\nbgbilling:contractType.2.title=Интернет юр. лицо\nbgbilling:contractType.2.billing=bg\nbgbilling:contractType.2.patternId=2\n#\n# импорт контрагентов\n#\n# группа параметров контрагента - определение по имени договора\nbgbilling:creator.parameterGroupRule.1.contractTitlePattern=^U.+$\nbgbilling:creator.parameterGroupRule.1.paramGroupId=1\nbgbilling:creator.parameterGroupRule.2.paramGroupId=2\n#\n# загрузчик контрагентов\n# ИНН\nbgbilling:creator.confirmParameters=6\n# поиск по ИНН\nbgbilling:creator.searchParameters=6\n# расстояние по Левинштейну\nbgbilling:creator.titleDistance=2\n# по ИНН объединяем без различия наименований\nbgbilling:creator.titleDistance.6=-1\n#\n# форма собственности, наименование\nbgbilling:creator.importParameters=3,7\n# должность руководителя, адрес юридический, ИНН\nbgbilling:creator.importParameters+=,18, 4, 6\n# дата рождения, серия и номер паспорта, адрес прописки\nbgbilling:creator.importParameters+=,1, 2, 5\n# адрес услуги\nbgbilling:creator.importParameters+=,19\n#\nbgbilling:creator.server.1.billingId=bg\nbgbilling:creator.server.1.user=bgcrm\nbgbilling:creator.server.1.pswd=bgcrm\nbgbilling:creator.server.1.paramMapping=3[3,4,5]:9[5,6,7];7:1\nbgbilling:creator.server.1.paramMapping+=;18[1,2]:3[1,2];4:13;6:14\nbgbilling:creator.server.1.paramMapping+=;1:10;2:11\nbgbilling:creator.server.1.paramMapping+=;19:12\nbgbilling:creator.server.1.pageSize=300\nbgbilling:creator.server.1.minCustomerTitleLength=1\n#\n\n#\n\n\n','2013-11-04 16:05:47',-1,1,'2013-11-04 16:05:47'),(3,0,'Планировщик','# обмен сообщениями\nscheduler.task.1.class=ru.bgcrm.worker.MessageExchange\nscheduler.task.1.minutes=0,4,8,12,16,20,24,28,32,36,40,44,48,52,56\n','2013-11-06 20:26:19',-1,1,'2013-11-06 20:26:19'),(4,0,'Сообщения','messageType.1.title=demo@bgcrm.ru\nmessageType.1.class=ru.bgcrm.dao.message.MessageTypeEmail\nmessageType.1.store=imaps\nmessageType.1.email=demo@bgcrm.ru\nmessageType.1.host=imap.yandex.ru\nmessageType.1.login=demo@bgcrm.ru\nmessageType.1.pswd=bgdemo\nmessageType.1.folderIn=INBOX\nmessageType.1.folderProcessed=CRM_PROCESSED\nmessageType.1.folderSkipped=CRM_SKIPPED\nmessageType.1.folderSent=CRM_SENT\nmessageType.1.mail.transport.protocol=smtps\nmessageType.1.mail.smtp.user=deo@bgcrm.ru\nmessageType.1.mail.smtp.host=smtp.yandex.ru\nmessageType.1.mail.smtp.pswd=bgdemo\n#\n#\nmessageType.2.title=HD\nmessageType.2.billingId=bg\nmessageType.2.class=ru.bgcrm.plugin.bgbilling.dao.MessageTypeHelpDesk\nmessageType.2.user=bgcrm\nmessageType.2.pswd=bgcrm\nmessageType.2.processTypeId=3\nmessageType.2.costParamId=23\nmessageType.2.statusParamId=25\nmessageType.2.autoCloseParamId=24\nmessageType.2.openStatusId=1\nmessageType.2.closeStatusId=4\nmessageType.2.pageSize=100000\nmessageType.2.newMessageEvent=1\nmessageType.2.markMessagesReadStatusIds=2,3,4,5\n#','2015-05-05 23:29:00',-1,1,'2015-05-05 23:29:00'),(5,0,'График дежурств','callboard.workdays.calendar.1.title=Стандартный\ncallboard.workdays.calendar.1.comment=Общий план распределения рабочих дней\ncallboard.workdays.calendar.1.rule=1-5:1;6,7:2;\n\ncallboard.workdays.type.1.title=Рабочий день\ncallboard.workdays.type.1.color=#1C94C4\ncallboard.workdays.type.2.title=Праздник/Выходной\ncallboard.workdays.type.2.color=#FF0000\ncallboard.workdays.type.3.title=Сокращенный день\ncallboard.workdays.type.3.color=#808080\n\ncallboard.worktype.category.1.title=Общая\ncallboard.worktype.category.1.public=1\ncallboard.worktype.category.2.title=Подключения\ncallboard.worktype.category.2.public=1\n\ncallboard.1.groupId=5\ncallboard.1.calendarId=1\n\n# смена 9 - 18 часов\ncallboard.1.plan.dayMinuteFrom=540\ncallboard.1.plan.dayMinuteTo=1080\ncallboard.1.plan.dayMinuteStep=30\n\n','2016-01-11 01:35:53',-1,1,'2016-01-11 01:35:53');
INSERT INTO `n_customer_log` (`id`, `dt`, `user_id`, `data`) VALUES (1,'2013-10-31 15:07:24',1,'Название: Иванов Иван Иванович; Группа параметров: Физ. лицо; '),(2,'2013-10-31 15:09:10',1,'Название:  \"\"; Группа параметров: Юр. лицо; Шаблон названия: Юр. лицо - форма + название; '),(1,'2013-11-01 19:06:07',1,'Название: Иванов Иван Петрович; ');
INSERT INTO `n_message` (`id`, `system_id`, `process_id`, `type_id`, `direction`, `user_id`, `from`, `to`, `from_dt`, `to_dt`, `subject`, `text`, `processed`, `attach_data`) VALUES (1,'<47111383546553@web24m.yandex.ru>',1,1,1,0,'test@bgcrm.ru','demo@bgcrm.ru','2013-11-04 12:29:14',NULL,'Потеряли договор','День добрый!\r\n\r\nНе можем найти бумажную копию договора от вас.',0,'1:MS5kb2M=:DA57096937832FEEEA0E05E6FD2741CE'),(2,'',1,1,2,1,'demo@bgcrm.ru','test@bgcrm.ru','2013-11-04 12:32:24','2013-11-04 12:36:06','Re: Потеряли договор','>Не можем найти бумажную копию договора от вас.\nВыслали повторно по адресу: г. Уфа, ул. Дубовая - 12',0,''),(3,'1',8,2,1,3,'','','2013-11-04 16:14:55','2013-11-04 16:56:50','','День добрый!\r\n\r\nОчень медленный доступ после пяти. Страницы открываются по минуте.\n',0,'');
INSERT INTO `n_param_list_value` (`param_id`, `id`, `title`) VALUES (15,1,'Проконсультировал'),(15,2,'Перезагрузил'),(15,3,'Восстановил'),(15,4,'Установил'),(15,5,'Настроил'),(15,6,'Отключил'),(15,7,'Удалил'),(15,8,'Передал обращение'),(16,1,'Оператор 1'),(16,2,'Оператор 2'),(3,3,'ООО'),(3,4,'ЗАО'),(3,5,'ОАО'),(18,1,'Директор'),(18,2,'Генеральный директор'),(22,1,'Несправность'),(22,2,'Консультация'),(24,1,'Да'),(25,1,'Неисправность'),(25,2,'Консультация'),(26,1,'Консультация'),(26,2,'Обжим кабеля'),(26,3,'Настройка ротера'),(26,4,'Мойка поов'),(26,5,'Пение песен'),(28,1,'Интернет'),(28,2,'КТВ');
INSERT INTO `object_title_pattern` (`id`, `object`, `title`, `pattern`) VALUES (1,'customer','Юр. лицо - форма + название','${param_3} \"${param_7}\"');
INSERT INTO `param_address` (`id`, `param_id`, `n`, `house_id`, `flat`, `room`, `pod`, `floor`, `value`, `comment`, `custom`) VALUES (3,19,1,2,'22','',0,0,'Уфа, Ленина, д. 14, кв. 22','',NULL),(9,27,1,2,'22','',0,0,'Уфа, Ленина, д. 14, кв. 22','',NULL),(10,27,1,2,'','',-1,-1,'Уфа, Ленина, д. 14','',NULL);
INSERT INTO `param_date` (`id`, `param_id`, `value`) VALUES (1,1,'2013-10-16'),(3,1,'2013-11-01');
INSERT INTO `param_datetime` (`id`, `param_id`, `value`) VALUES (10,29,'2016-01-15 09:00:00');
INSERT INTO `param_email` (`id`, `param_id`, `n`, `value`, `comment`) VALUES (1,11,1,'ivan@ivan.com',''),(2,11,1,'test@bgcrm.ru','');
INSERT INTO `param_group` (`group_id`, `param_id`) VALUES (0,3),(0,4),(0,6),(0,7),(2,1),(2,19),(2,2),(2,5),(2,10),(2,11),(2,12),(1,19),(1,18),(1,3),(1,4),(1,6),(1,7),(1,10),(1,11),(1,12);
INSERT INTO `param_group_title` (`id`, `object`, `title`) VALUES (1,'customer','Юр. лицо'),(2,'customer','Физ. лицо');
INSERT INTO `param_list` (`id`, `param_id`, `value`, `comment`, `_comment`) VALUES (2,3,3,'',''),(1,16,1,'',''),(4,3,3,'',''),(4,18,1,'',''),(10,28,1,'','');
INSERT INTO `param_log` (`dt`, `object_id`, `user_id`, `param_id`, `text`) VALUES ('2013-10-31 15:07:28',1,1,1,'16.10.2013'),('2013-10-31 15:08:08',1,1,2,'8005 906287'),('2013-10-31 15:08:33',1,1,5,'Уфа, Акбердина, 44'),('2013-10-31 15:09:15',2,1,3,'ООО'),('2013-10-31 15:09:21',2,1,7,'Дубитель'),('2013-10-31 15:09:37',2,1,4,'450003, Уфа, Ленина, 4'),('2013-10-31 15:09:52',2,1,6,'4444444443'),('2013-10-31 15:36:00',1,1,10,'+7 (347) 255-55-55; +7 (917) 589-96-64;'),('2013-10-31 15:36:10',1,1,11,'ivan@ivan.com;'),('2013-11-01 14:34:11',1,1,16,'Оператор 1'),('2013-11-01 19:07:59',3,0,2,'8000 222222'),('2013-11-01 19:07:59',3,0,19,'Уфа, Ленина, д. 14, кв. 22;'),('2013-11-01 19:08:23',3,1,1,'01.11.2013'),('2013-11-04 12:25:22',2,1,11,'test@bgcrm.ru;'),('2013-11-04 16:00:33',4,0,3,'ООО'),('2013-11-04 16:00:33',4,0,7,'Рога и копыта'),('2013-11-04 16:00:33',4,0,18,'Директор'),('2013-11-04 16:00:33',4,0,4,'г. Уфа, ул. Злобина, 12 - оф. 232'),('2013-11-04 16:00:33',4,0,6,'2222222222'),('2013-11-04 16:40:05',8,0,24,''),('2013-11-04 16:40:05',8,0,23,'0.00'),('2013-11-29 09:20:13',9,0,27,'Уфа, Ленина, д. 14, кв. 22;'),('2016-01-12 02:01:49',10,1,27,'Уфа, Ленина, д. 14;'),('2016-01-12 02:01:56',10,1,28,'Интернет'),('2016-01-14 02:31:45',10,0,29,'15.01.2016 09:00:00'),('2016-01-14 02:33:48',10,0,29,''),('2016-01-14 02:48:42',10,0,29,'15.01.2016 09:00:00'),('2016-01-14 12:27:34',10,0,29,''),('2016-01-14 12:27:39',10,0,29,'15.01.2016 09:00:00'),('2016-01-14 12:28:04',10,0,29,''),('2016-01-14 12:28:08',10,0,29,'15.01.2016 09:00:00');
INSERT INTO `param_phone` (`id`, `param_id`, `value`) VALUES (1,10,'+7 (347) 255-55-55; +7 (917) 589-96-64;');
INSERT INTO `param_phone_item` (`id`, `param_id`, `n`, `phone`, `format`, `comment`, `flags`) VALUES (1,10,1,'73472555555','13','',0),(1,10,2,'79175899664','13','',0);
INSERT INTO `param_pref` (`id`, `object`, `type`, `title`, `order`, `script`, `config`, `comment`) VALUES (1,'customer','date','Дата рождения',0,'','',''),(2,'customer','text','Серия и номер паспорта',2,'','saveOn=focusLost\nregexp.1.title=пусто\nregexp.1.regexp=$\nregexp.2.title=<4 цифры> <6 цифр>\nregexp.2.regexp=\\d{4}\\s\\d{6}',''),(3,'customer','list','Форма собственности',10,'','','ю.л.'),(4,'customer','text','Адрес юридический',12,'','saveOn=focusLost','ю.л.'),(5,'customer','text','Адрес по прописке',4,'','saveOn=focusLost\nregexp.1.title=<город без г.>,<улица без ул.>,<дом без д.>\nregexp.1.regexp=[а-яА-Я\\s\\-]+,[\\dа-яА-Я\\s\\-]+,\\s*[\\dа-яА-Я/]+\nregexp.2.title=<город без г.>,<улица без ул.>,<дом без д.>,<номер квартиры> \nregexp.2.regexp=[а-яА-Я\\s\\-]+,[\\dа-яА-Я\\s\\-]+,\\s*[\\dа-яА-Я/]+,*\\s*\\d+[a-яA-Я]{0,1}\nregexp.3.title=<город без г.>,<улица без ул.>,<дом без д.>,<номер квартиры>, <номер комнаты>',''),(6,'customer','text','ИНН',14,'','saveOn=focusLost\nregexp.1.title=пусто\nregexp.1.regexp=$\nregexp.2.title=10 цифр\nregexp.2.regexp=(\\d{10})\nregexp.3.title=12 цифр\nregexp.3.regexp=\\d{12}','ю.л.'),(7,'customer','text','Наименование',11,'','saveOn=focusLost','ю.л. название без формы собственности'),(8,'user','email','EMail(ы)',0,'','',''),(9,'user','phone','Телефон',0,'','',''),(10,'customer','phone','Телефон(ы)',20,'','',''),(11,'customer','email','ЕMail(ы)',22,'','multiple=1',''),(12,'customer','blob','Примечания',40,'','rows=6',''),(13,'process','datetime','Звонить до',0,'','type=ymdhm\n',''),(14,'process','phone','Телефоны для связи',0,'','',''),(15,'process','list','Категория закрытия',0,'','',''),(16,'address_house','list','Конкурирующие сети',0,'','multiple=1',''),(17,'address_house','text','Проект',0,'','saveOn=focusLost',''),(18,'customer','list','Должность руководителя',11,'','',''),(19,'customer','address','Адрес(а) услуг',16,'','multiple=1',''),(22,'address_house','list','HD статус',0,'','',''),(23,'process','text','HD стоимость',10,'','',''),(24,'process','list','HD автозакрытие',10,'','',''),(25,'process','list','HD статус',10,'','',''),(26,'process','list','Проделанные работы',20,'','multiple=1','Работы выездных бригад'),(27,'process','address','Адрес',20,'','',''),(28,'process','list','Услуги',0,'','',''),(29,'process','datetime','Время подключения',0,'',' type=ymdhm','');
INSERT INTO `param_text` (`id`, `param_id`, `value`) VALUES (8,23,'0.00'),(4,6,'2222222222'),(2,6,'4444444443'),(2,4,'450003, Уфа, Ленина, 4'),(3,2,'8000 222222'),(1,2,'8005 906287'),(4,4,'г. Уфа, ул. Злобина, 12 - оф. 232'),(2,7,'Дубитель'),(4,7,'Рога и копыта'),(1,5,'Уфа, Акбердина, 44');
INSERT INTO `process` (`id`, `type_id`, `priority`, `status_id`, `status_dt`, `status_user_id`, `description`, `create_dt`, `create_user_id`, `close_dt`, `close_user_id`, `groups`, `executors`, `title`) VALUES (1,10,0,1,'2013-10-31 16:49:24',1,'Не получили договор','2013-10-31 16:49:24',1,NULL,0,'2','4:2',''),(8,3,0,1,'2013-11-04 16:40:05',0,'Низкая скорость доступа','2013-11-04 16:40:05',0,NULL,0,'1','3:1',''),(9,8,0,1,'2013-11-29 11:27:48',1,'Проверить коммутаторы и обжимку кабеля.','2013-11-29 09:20:13',1,NULL,0,'4','',''),(10,12,0,1,'2016-01-12 02:01:26',1,'Иванов Иван Иванович\nТелефон 855584444 звонить после шести, есть домофон, код 12.\nНеобходима настройка телевизора. ','2016-01-12 02:01:26',1,NULL,0,'6','5:6','');
INSERT INTO `process_executor` (`process_id`, `group_id`, `role_id`, `user_id`) VALUES (1,2,0,4),(8,1,0,3),(10,6,0,5);
INSERT INTO `process_group` (`process_id`, `group_id`, `role_id`) VALUES (1,2,0),(8,1,0),(9,4,0),(10,6,0);
INSERT INTO `process_link` (`process_id`, `object_type`, `object_id`, `object_title`, `dt_created`, `config`) VALUES (1,'customer',2,'ООО \"Дубитель\"','0000-00-00 00:00:00',''),(8,'bgbilling-helpdesk:bg',1,'','0000-00-00 00:00:00',''),(8,'contract:bg',2,'<html>FW00001-13 ( <b>Иванов Иван Иванович</b> )</html>','0000-00-00 00:00:00',''),(8,'customer',3,'Иванов Иван Иванович','0000-00-00 00:00:00',''),(8,'processLink',9,'','0000-00-00 00:00:00',''),(9,'contract:bg',2,'<html>FW00001-13 ( <b>Иванов Иван Иванович</b> )</html>','0000-00-00 00:00:00',''),(9,'customer',3,'Иванов Иван Иванович','0000-00-00 00:00:00','');
INSERT INTO `process_log` (`id`, `dt`, `user_id`, `data`) VALUES (1,'2013-10-31 16:49:24',1,'Статус: Открыт; '),(8,'2013-11-04 16:40:05',0,'Статус: Открыт; '),(9,'2013-11-29 09:20:13',1,'Статус: Новый; '),(9,'2013-11-29 10:50:47',1,'Описание; '),(9,'2013-11-29 11:27:48',1,'Статус: Открыт; '),(10,'2016-01-12 02:01:26',1,'Статус: Открыт'),(10,'2016-01-12 02:13:25',1,'Описание'),(10,'2016-01-13 12:34:28',1,'Группы решения: [Отдел подключений, Бригада 1]'),(10,'2016-01-14 02:30:34',1,'Группы решения: [Бригада 1]'),(10,'2016-01-14 02:44:34',1,'Исполнители: []');
INSERT INTO `process_status` (`process_id`, `dt`, `status_id`, `user_id`, `last`, `comment`) VALUES (1,'2013-10-31 16:49:24',1,1,1,'Процесс создан'),(8,'2013-11-04 16:40:05',1,0,1,'Процесс создан'),(9,'2013-11-29 09:20:13',6,1,1,'Процесс создан'),(9,'2013-11-29 11:27:48',1,1,1,''),(10,'2016-01-12 02:01:26',1,1,1,'Процесс создан');
INSERT INTO `process_status_title` (`id`, `pos`, `title`) VALUES (1,1,'Открыт'),(2,2,'Принят'),(3,4,'Отложен'),(4,6,'Закрыт'),(5,4,'Ожидание ответа'),(6,0,'Новый');
INSERT INTO `process_type` (`id`, `title`, `archive`, `parent_id`, `use_parent_props`, `child_count`, `data`, `config`, `last_modify_user_id`, `last_modify_dt`) VALUES (1,'Организационный вопрос',0,0,0,3,'transaction.1-2.enable=1\n#\ntransaction.1-3.enable=1\n#\ntransaction.1-4.enable=1\n#\ntransaction.1-5.enable=1\n#\ntransaction.2-1.enable=1\n#\ntransaction.2-3.enable=1\n#\ntransaction.2-4.enable=1\n#\ntransaction.2-5.enable=1\n#\ntransaction.3-1.enable=1\n#\ntransaction.3-2.enable=1\n#\ntransaction.3-4.enable=1\n#\ntransaction.3-5.enable=1\n#\ntransaction.4-1.enable=1\n#\ntransaction.4-2.enable=1\n#\ntransaction.4-3.enable=1\n#\ntransaction.4-5.enable=1\n#\ntransaction.5-1.enable=1\n#\ntransaction.5-3.enable=1\n#\ntransaction.5-4.enable=0\n#\nscript.name=\ncreate.status=1\nclose.status=4\nstatus.ids=1, 3, 5, 4\nparam.ids=14\ncreate.groups=2\nallowed.groups=2\n','create.in.objectTypes=customer\n#\nprocessShowMessages=1\n#\nprocessReference.2.objectTypes=processCard\nprocessReference.2.stringExpression=\"#\" + process.getId() + \" \" + u:escapeXml( process.getDescription() )\n#\n# по получению новых сообщений - перевод процесса в открытое состояние\nonProcessEvent.1.events=messageAdded\nonProcessEvent.1.ifExpression=process:getStatusId() != 1\nonProcessEvent.1.commands=setStatus:1\n#\n# отправка почтового уведомления исполнителю\nonProcessEvent.2.events=messageAdded\nonProcessEvent.2.commands=emailNotifyExecutors:8:Новые сообщения в процессе\n',1,'2016-01-09 23:15:28'),(2,'Техподдержка',0,0,0,5,'transaction.1-2.enable=1\n#\ntransaction.1-3.enable=1\n#\ntransaction.1-4.enable=1\n#\ntransaction.1-5.enable=1\n#\ntransaction.2-1.enable=1\n#\ntransaction.2-3.enable=1\n#\ntransaction.2-4.enable=1\n#\ntransaction.2-5.enable=1\n#\ntransaction.3-1.enable=1\n#\ntransaction.3-2.enable=1\n#\ntransaction.3-4.enable=1\n#\ntransaction.3-5.enable=1\n#\ntransaction.4-1.enable=1\n#\ntransaction.4-2.enable=1\n#\ntransaction.4-3.enable=1\n#\ntransaction.4-5.enable=1\n#\ntransaction.5-1.enable=1\n#\ntransaction.5-2.enable=1\n#\ntransaction.5-3.enable=1\n#\ntransaction.5-4.enable=1\n#\nscript.name=\ncreate.status=1\nclose.status=4\nstatus.ids=1, 2, 5, 3, 4\nparam.ids=14, 13, 15\ncreate.groups=1\nallowed.groups=1\n','create.in.objectTypes=customer;contract:bg\n#\nprocessShowMessages=1\nprocessShowProcessLinks=1\n#\nprocessReference.2.objectTypes=processCard\nprocessReference.2.stringExpression=\"#\" + process.getId() + \" \" + u:escapeXml( process.getDescription() )\n#\n#processCreateLinkModeSelect=1\n#\nprocessCreateLink.1.title=Выезд\nprocessCreateLink.1.processTypeId=8\nprocessCreateLink.1.linkType=processLink\n#processCreateLink.1.checkExpression=process:getStatusId() == 9\n#processCreateLink.1.copyParams=\nprocessCreateLink.1.copyLinks=contract%\n#,customer%\n\n',1,'2016-07-21 01:48:47'),(3,'HelpDesk',0,2,0,0,'transaction.1-2.enable=1\n#\ntransaction.1-3.enable=1\n#\ntransaction.1-4.enable=1\n#\ntransaction.1-5.enable=1\n#\ntransaction.2-1.enable=1\n#\ntransaction.2-3.enable=1\n#\ntransaction.2-4.enable=1\n#\ntransaction.2-5.enable=1\n#\ntransaction.3-1.enable=1\n#\ntransaction.3-2.enable=1\n#\ntransaction.3-4.enable=1\n#\ntransaction.3-5.enable=1\n#\ntransaction.4-1.enable=1\n#\ntransaction.4-2.enable=1\n#\ntransaction.4-3.enable=1\n#\ntransaction.4-5.enable=1\n#\ntransaction.5-1.enable=1\n#\ntransaction.5-2.enable=1\n#\ntransaction.5-3.enable=1\n#\ntransaction.5-4.enable=1\n#\nscript.name=\ncreate.status=1\nclose.status=4\nstatus.ids=1, 2, 3, 5, 4\nparam.ids=23, 25, 24\ncreate.groups=1\nallowed.groups=1\n','processShowMessages=1\nprocessShowProcessLinks=1\n#\nprocessReference.2.objectTypes=processCard\nprocessReference.2.stringExpression=\"#\" + process.getId() + \" \" + u:escapeXml( process.getDescription() )\n#\nstyle.processCardLeftBlock=min-width: 500px;\nstyle.processCardRightBlock=width: 100%\n#\n#запрещаем создавать процесс обычныму пользователю\nonProcessEvent.{@cnt}.events=created\nonProcessEvent.{@cnt}.checkExpression=user.getId() == 0\nonProcessEvent.{@cnt}.checkErrorMessage=Процесс запрещён к созданию пользователем\n#\nprocessCreateLink.1.title=Выезд\nprocessCreateLink.1.processTypeId=8\nprocessCreateLink.1.linkType=processLink\nprocessCreateLink.1.copyLinks=contract%,customer%\n',1,'2016-01-09 23:15:16'),(4,'Плохое качество сигнала',0,2,1,0,'','',0,'2018-07-11 21:09:43'),(5,'Не открываются страницы',0,2,1,0,'','',0,'2018-07-11 21:09:43'),(6,'Консультация',0,2,1,0,'','',0,'2018-07-11 21:09:43'),(7,'Ошибка 619, 741, 742',0,2,1,0,'','',0,'2018-07-11 21:09:43'),(8,'Выезд',0,0,0,0,'transaction.1-2.enable=1\n#\ntransaction.1-4.enable=1\n#\ntransaction.1-6.enable=0\n#\ntransaction.2-1.enable=1\n#\ntransaction.2-4.enable=1\n#\ntransaction.2-6.enable=0\n#\ntransaction.4-1.enable=1\n#\ntransaction.4-2.enable=0\n#\ntransaction.4-6.enable=0\n#\ntransaction.6-1.enable=1\n#\ntransaction.6-2.enable=0\n#\ntransaction.6-4.enable=0\n#\nscript.name=\ncreate.status=6\nclose.status=4\nstatus.ids=6, 1, 2, 4\nparam.ids=27, 26\ncreate.groups=4\nallowed.groups=4\n','create.in.objectTypes=contract:bg\n#\nprocessShowProcessLinks=1\n#\nprocessReference.1.objectTypes=processCard\nprocessReference.1.stringExpression=\"<span class=\'title\'>#\" + process.getId() + \" Выезд: \" + u.toString( processParam.addressValues( 27 ) ) + \"</span> <span>\" + u.escapeXml( process.getDescription() ) + \"</span>\"\nprocessReference.2.objectTypes=linkProcessList\nprocessReference.2.stringExpression=u.toString( processParam.addressValues( 27 ) ) + \" \"\n#\n# открыт - Адрес\nrequireFillParamIdsBeforeStatusSet.1=27\n#\nonProcessEvent.1.events=linkAdded;createdAsLink\nonProcessEvent.1.commands=bgbilling:getLinkedContractAddressParam:bg:12:27\n\n',1,'2016-07-21 01:48:32'),(9,'Счета',0,1,1,0,'','',0,'2018-07-11 21:09:43'),(10,'Договора',0,1,1,0,'','',0,'2018-07-11 21:09:43'),(11,'Резюме',0,1,1,0,'','',0,'2018-07-11 21:09:43'),(12,'Подключение',0,0,0,0,'transaction.1-2.enable=1\n#\ntransaction.1-4.enable=0\n#\ntransaction.2-1.enable=1\n#\ntransaction.2-4.enable=1\n#\ntransaction.4-1.enable=1\n#\ntransaction.4-2.enable=1\n#\nscript.name=\ncreate.status=1\nclose.status=4\nstatus.ids=1, 2, 4\nparam.ids=27, 28, 29\ncreate.groups=5\nallowed.groups=7, 6, 5\n','# вкладка \"Уст. времени\" с использованием графика \"Отдел подключений\"\ncallboard.timeset.graphId=1\ncallboard.timeset.paramId=29\ncallboard.timeset.daysShow=10\n\n# описание процесса для Плана работ\nprocessReference.1.objectTypes=callboard\nprocessReference.1.stringExpression=u:escapeXml( u:maskNull( u:getFirst( processParam:addressValues( 27, \'fromStreet\' ) ) ) ) + \" : \" + process.getDescription()',1,'2016-01-14 12:27:55');
INSERT INTO `queue` (`id`, `title`, `config`, `last_modify_user_id`, `last_modify_dt`) VALUES (1,'Организационные вопросы','filter.1.type=status\nfilter.1.defaultValues=1,2,3\nfilter.1.availableValues=1,2,3,4\nfilter.2.type=groups\nfilter.2.defaultValues=2\nfilter.2.show=0\nfilter.3.type=executors\nfilter.4.type=code\nfilter.5.type=create_date\nfilter.6.type=close_date\nfilter.7.type=type\nfilter.7.width=200\nfilter.7.availableValues=10,11,9\nfilter.8.type=linkedCustomer:title\nfilter.9.type=description\n#\nsort.combo.count=2\nsort.combo.1.default=2\nsort.combo.2.default=1\nsort.mode.1.columnId=1\nsort.mode.1.title=Создан обр.\nsort.mode.1.desc=true\nsort.mode.2.columnId=2\nsort.mode.2.title=Приоритет обр.\nsort.mode.2.desc=true\n#\ncolumn.1.title=ID\ncolumn.1.value=id\ncolumn.2.title=Приор.\ncolumn.2.value=priority\ncolumn.4.title=Создал\ncolumn.4.value=create_user\ncolumn.6.title=Контрагент\ncolumn.6.value=linkedCustomer:title\ncolumn.6.titleIfMore=30\ncolumn.8.title=Описание\ncolumn.8.value=descriptionLink\n#column.4.formatToHtml=1\ncolumn.8.titleIfMore=100\ncolumn.10.title=Статус\ncolumn.10.value=status_title\ncolumn.12.title=Исполнители\ncolumn.12.value=executors\ncolumn.14.title=Тип\ncolumn.14.value=type_title\ncolumn.14.titleIfMore=15\ncolumn.16.title=Создан\ncolumn.16.value=create_dt\n',1,'2014-05-16 17:40:44'),(2,'Техподдержка','filter.1.type=status\nfilter.1.defaultValues=1,2,3\nfilter.1.availableValues=1,2,3,4\nfilter.2.type=groups\nfilter.2.defaultValues=1\nfilter.2.show=0\nfilter.3.type=executors\nfilter.4.type=code\nfilter.5.type=create_date\nfilter.6.type=close_date\nfilter.7.type=type\nfilter.7.width=200\nfilter.7.availableValues=3,4,5,6,7\nfilter.8.type=linkedCustomer:title\nfilter.9.type=description\n#\nsort.combo.count=2\nsort.combo.1.default=2\nsort.combo.2.default=1\nsort.mode.1.columnId=1\nsort.mode.1.title=Создан обр.\nsort.mode.1.desc=true\nsort.mode.2.columnId=2\nsort.mode.2.title=Приоритет обр.\nsort.mode.2.desc=true\n#\ncolumn.1.title=ID\ncolumn.1.value=id\ncolumn.2.title=Приор.\ncolumn.2.value=priority\ncolumn.6.title=Контрагент\ncolumn.6.value=linkedCustomer:title\ncolumn.6.titleIfMore=30\ncolumn.8.title=Описание\ncolumn.8.value=descriptionLink\n#column.4.formatToHtml=1\ncolumn.8.titleIfMore=100\ncolumn.10.title=Статус\ncolumn.10.value=status_title\ncolumn.12.title=Исполнители\ncolumn.12.value=executors\ncolumn.14.title=Тип\ncolumn.14.value=type_title\ncolumn.14.titleIfMore=15\ncolumn.16.title=Создан\ncolumn.16.value=create_dt\n',1,'2014-05-16 17:39:43'),(3,'Выезды','filter.1.type=status\nfilter.1.defaultValues=1,2,3\nfilter.1.availableValues=1,2,3,4\nfilter.2.type=groups\nfilter.2.defaultValues=4\nfilter.2.show=0\nfilter.3.type=executors\nfilter.4.type=code\nfilter.5.type=create_date\nfilter.6.type=close_date\nfilter.7.type=type\nfilter.7.width=200\nfilter.7.availableValues=3,4,5,6,7\nfilter.8.type=linkedCustomer:title\nfilter.9.type=description\n#\nsort.combo.count=2\nsort.combo.1.default=2\nsort.combo.2.default=1\nsort.mode.1.columnId=1\nsort.mode.1.title=Создан обр.\nsort.mode.1.desc=true\nsort.mode.2.columnId=2\nsort.mode.2.title=Приоритет обр.\nsort.mode.2.desc=true\n#\ncolumn.1.title=ID\ncolumn.1.value=id\ncolumn.2.title=Приор.\ncolumn.2.value=priority\ncolumn.3.title=Контрагент\ncolumn.3.value=linkedCustomer:title\ncolumn.3.titleIfMore=30\ncolumn.4.title=Адрес\ncolumn.4.value=param:27\ncolumn.5.title=Описание\ncolumn.5.value=descriptionLink\ncolumn.5.titleIfMore=100\ncolumn.6.title=Статус\ncolumn.6.value=status_title\ncolumn.7.title=Исполнители\ncolumn.7.value=executors\ncolumn.8.title=Тип\ncolumn.8.value=type_title\ncolumn.8.titleIfMore=15\ncolumn.11.title=Создан\ncolumn.11.value=create_dt\n#\nmedia.html.columns=1,2,3,4,5,6,7,8,11\n#\nmedia.xls.columns=1,2,3,4,5,7,11\n#\nprocessor.1.title=Назначение исполнителя\nprocessor.1.class=ru.bgcrm.event.listener.DefaultMarkedProcessor\nprocessor.1.commands=addExecutors:4\nprocessor.1.page=/WEB-INF/jspf/user/process/queue/default_marked_processor.jsp\n',1,'2016-02-29 00:48:56'),(4,'Подключения','filter.1.type=status\nfilter.1.defaultValues=1,2,3\nfilter.1.availableValues=1,2,3,4\nfilter.2.type=groups\nfilter.2.availableValues=6,7\nfilter.3.type=executors\nfilter.4.type=code\nfilter.5.type=create_date\nfilter.6.type=close_date\nfilter.9.type=description\nfilter.10.type=param:27\n#\nsort.combo.count=2\nsort.combo.1.default=1\nsort.mode.1.columnId=1\nsort.mode.1.title=Создан\n#\ncolumn.1.title=ID\ncolumn.1.value=id\ncolumn.4.title=Адрес\ncolumn.4.value=param:27\ncolumn.6.title=Услуги\ncolumn.6.value=param:28\ncolumn.14.title=Описание\ncolumn.14.value=descriptionLink\ncolumn.14.titleIfMore=100\ncolumn.16.title=Статус\ncolumn.16.value=status_title\ncolumn.17.title=Группы\ncolumn.17.value=groups\ncolumn.22.title=Время\ncolumn.22.value=param:29\ncolumn.24.title=Исполнители\ncolumn.24.value=executors\ncolumn.26.title=Создан\ncolumn.26.value=create_dt',1,'2016-01-15 00:31:09');
INSERT INTO `queue_process_type` (`queue_id`, `type_id`) VALUES (0,1),(2,2),(2,3),(2,4),(2,5),(2,6),(2,7),(1,1),(1,9),(1,10),(1,11),(5,12),(4,12),(3,8);
INSERT INTO `user` (`lu`, `id`, `deleted`, `title`, `login`, `pswd`, `description`, `date_created`, `status`, `ids`, `config`, `email`, `personalization`) VALUES ('2013-11-04 10:54:08',2,0,'Ильдар Гареев','ildar','123456','','2013-10-31 00:00:00',0,'','bgbilling:userId.bg=5','',''),('2013-11-06 14:41:48',3,0,'Зиннур Мухамметов','zinnur','123456','','2013-10-31 00:00:00',0,'','bgbilling:userId.bg=4','','queueCurrentSavedFilterSet.1=0\nqueueCurrentSavedFilterSet.2=0\npageSize.queue=25\nqueueSelectedFilters1=\nqueueLastSelected=2\nqueueSelectedFilters2=\n'),('2013-11-04 10:12:14',4,0,'Елизавета Иванова','liza','123456','','2013-10-31 00:00:00',0,'','bgbilling:userId.bg=3','',''),('2016-01-10 20:47:53',5,0,'Отто Фон Вальтер','otto','12345','','2016-01-11 00:00:00',0,'','','',''),('2016-01-10 20:49:16',6,0,'Жан Пужоль','jan','12345','','2016-01-11 00:00:00',0,'','','',''),('2016-02-09 19:25:22',7,0,'Иммануил Кант','kant','12345','','2016-02-10 00:00:00',0,'','','','');
INSERT INTO `user_group` (`user_id`, `group_id`, `date_from`, `date_to`) VALUES (1,2,'2013-10-31 00:00:00',NULL),(2,1,'2013-10-31 00:00:00',NULL),(3,1,'2013-10-31 00:00:00',NULL),(4,2,'2013-10-31 00:00:00',NULL),(5,5,'2016-01-10 00:00:00',NULL),(5,6,'2016-01-10 00:00:00',NULL),(6,5,'2016-01-10 00:00:00',NULL),(6,7,'2016-01-10 00:00:00',NULL),(7,4,'2016-02-09 00:00:00',NULL);
INSERT INTO `user_group_permset` (`group_id`, `permset_id`, `pos`) VALUES (1,1,1),(2,1,1),(4,1,1);
INSERT INTO `user_group_queue` (`group_id`, `queue_id`) VALUES (1,2),(2,1),(2,2),(2,3),(2,4),(4,3);
INSERT INTO `user_group_title` (`id`, `title`, `description`, `config`, `parent_id`, `archive`, `child_count`) VALUES (1,'Техподдержка','','',3,0,0),(2,'Администрация','','',0,0,0),(3,'Технический отдел','','',0,0,2),(4,'Выездная бригада','','',3,0,0),(5,'Отдел подключений','','',0,0,2),(6,'Бригада 1','','',5,0,0),(7,'Бригада 2','','',5,0,0);
INSERT INTO `user_permset_permission` (`permset_id`, `action`, `config`) VALUES (1,'',''),(1,'ru.bgcrm.struts.action.admin.UserAction:userList',''),(1,'ru.bgcrm.struts.action.admin.UserAction:userGet',''),(1,'ru.bgcrm.struts.action.admin.UserAction:userUpdate',''),(1,'ru.bgcrm.struts.action.admin.UserAction:userDelete',''),(1,'ru.bgcrm.struts.action.admin.UserAction:userGroupList',''),(1,'ru.bgcrm.struts.action.admin.UserAction:userAddGroup',''),(1,'ru.bgcrm.struts.action.admin.UserAction:userRemoveGroup',''),(1,'ru.bgcrm.struts.action.admin.UserAction:userClosePeriodGroup',''),(1,'ru.bgcrm.struts.action.admin.UserAction:groupList',''),(1,'ru.bgcrm.struts.action.admin.UserAction:groupGet',''),(1,'ru.bgcrm.struts.action.admin.UserAction:groupUpdate',''),(1,'ru.bgcrm.struts.action.admin.UserAction:groupDelete',''),(1,'ru.bgcrm.struts.action.admin.UserAction:groupInsertMark',''),(1,'ru.bgcrm.struts.action.admin.UserAction:permsetList',''),(1,'ru.bgcrm.struts.action.admin.UserAction:permsetGet',''),(1,'ru.bgcrm.struts.action.admin.UserAction:permsetUpdate',''),(1,'ru.bgcrm.struts.action.admin.UserAction:permsetDelete',''),(1,'ru.bgcrm.struts.action.admin.UserAction:permsetReplacePermissions',''),(1,'ru.bgcrm.struts.action.admin.AppointmentAction:appointmentList',''),(1,'ru.bgcrm.struts.action.admin.AppointmentAction:appointmentGet',''),(1,'ru.bgcrm.struts.action.admin.AppointmentAction:appointmentUpdate',''),(1,'ru.bgcrm.struts.action.admin.AppointmentAction:appointmentDelete',''),(1,'ru.bgcrm.struts.action.admin.CustomerAction:groupList',''),(1,'ru.bgcrm.struts.action.admin.CustomerAction:groupGet',''),(1,'ru.bgcrm.struts.action.admin.CustomerAction:groupUpdate',''),(1,'ru.bgcrm.struts.action.admin.CustomerAction:groupDelete',''),(1,'ru.bgcrm.struts.action.admin.ConfigAction:list',''),(1,'ru.bgcrm.struts.action.admin.ConfigAction:get',''),(1,'ru.bgcrm.struts.action.admin.ConfigAction:delete',''),(1,'ru.bgcrm.struts.action.admin.ConfigAction:update',''),(1,'ru.bgcrm.struts.action.admin.DirectoryAction:null',''),(1,'ru.bgcrm.struts.action.admin.DirectoryAction:parameterList',''),(1,'ru.bgcrm.struts.action.admin.DirectoryAction:parameterGet',''),(1,'ru.bgcrm.struts.action.admin.DirectoryAction:parameterUpdate',''),(1,'ru.bgcrm.struts.action.admin.DirectoryAction:parameterDelete',''),(1,'ru.bgcrm.struts.action.admin.DirectoryAction:parameterUseProcess',''),(1,'ru.bgcrm.struts.action.admin.DirectoryAction:patternTitleList',''),(1,'ru.bgcrm.struts.action.admin.DirectoryAction:patternTitleGet',''),(1,'ru.bgcrm.struts.action.admin.DirectoryAction:patternTitleUpdate',''),(1,'ru.bgcrm.struts.action.admin.DirectoryAction:patternTitleDelete',''),(1,'ru.bgcrm.struts.action.admin.DirectoryAction:parameterGroupList',''),(1,'ru.bgcrm.struts.action.admin.DirectoryAction:parameterGroupGet',''),(1,'ru.bgcrm.struts.action.admin.DirectoryAction:parameterGroupUpdate',''),(1,'ru.bgcrm.struts.action.admin.DirectoryAction:parameterGroupDelete',''),(1,'ru.bgcrm.struts.action.admin.ProcessAction:statusList',''),(1,'ru.bgcrm.struts.action.admin.ProcessAction:statusGet',''),(1,'ru.bgcrm.struts.action.admin.ProcessAction:statusDelete',''),(1,'ru.bgcrm.struts.action.admin.ProcessAction:statusUpdate',''),(1,'ru.bgcrm.struts.action.admin.ProcessAction:statusUseProcess',''),(1,'ru.bgcrm.struts.action.admin.ProcessAction:typeList',''),(1,'ru.bgcrm.struts.action.admin.ProcessAction:typeGet',''),(1,'ru.bgcrm.struts.action.admin.ProcessAction:typeUpdate',''),(1,'ru.bgcrm.struts.action.admin.ProcessAction:typeDelete',''),(1,'ru.bgcrm.struts.action.admin.ProcessAction:typeInsertMark',''),(1,'ru.bgcrm.struts.action.admin.ProcessAction:queueList',''),(1,'ru.bgcrm.struts.action.admin.ProcessAction:queueGet',''),(1,'ru.bgcrm.struts.action.admin.ProcessAction:queueUpdate',''),(1,'ru.bgcrm.struts.action.admin.ProcessAction:queueDelete',''),(1,'ru.bgcrm.struts.action.admin.ProcessAction:properties',''),(1,'ru.bgcrm.struts.action.admin.ProcessAction:propertiesUpdate',''),(1,'ru.bgcrm.struts.action.admin.ProcessAction:transactionCheck',''),(1,'ru.bgcrm.struts.action.admin.DynamicAction:null',''),(1,'ru.bgcrm.struts.action.admin.DynamicAction:recompileAll',''),(1,'ru.bgcrm.struts.action.admin.DynamicAction:runDynamicClass',''),(1,'ru.bgcrm.struts.action.admin.WorkAction:null',''),(1,'ru.bgcrm.struts.action.admin.WorkAction:workTypeList',''),(1,'ru.bgcrm.struts.action.admin.WorkAction:workTypeGet',''),(1,'ru.bgcrm.struts.action.admin.WorkAction:workTypeUpdate',''),(1,'ru.bgcrm.struts.action.admin.WorkAction:workTypeDelete',''),(1,'ru.bgcrm.struts.action.admin.WorkAction:shiftList',''),(1,'ru.bgcrm.struts.action.admin.WorkAction:shiftGet',''),(1,'ru.bgcrm.struts.action.admin.WorkAction:shiftUpdate',''),(1,'ru.bgcrm.struts.action.admin.WorkAction:shiftDelete',''),(1,'ru.bgcrm.struts.action.admin.WorkAction:workDaysCalendarList',''),(1,'ru.bgcrm.struts.action.admin.WorkAction:workDaysCalendarGet',''),(1,'ru.bgcrm.struts.action.admin.WorkAction:workDaysCalendarUpdate',''),(1,'ru.bgcrm.struts.action.admin.WorkAction:workDaysCalendarCopy',''),(1,'ru.bgcrm.struts.action.admin.WorkAction:callboardGet',''),(1,'ru.bgcrm.struts.action.admin.WorkAction:callboardAvailableShift',''),(1,'ru.bgcrm.struts.action.admin.WorkAction:callboardUpdateShift',''),(1,'ru.bgcrm.struts.action.admin.WorkAction:callboardUpdateShiftTeam',''),(1,'ru.bgcrm.struts.action.admin.WorkAction:callboardGetTabel',''),(1,'ru.bgcrm.struts.action.CustomerAction:customerGet',''),(1,'ru.bgcrm.struts.action.CustomerAction:customerCreate',''),(1,'ru.bgcrm.struts.action.CustomerAction:customerUpdate',''),(1,'ru.bgcrm.struts.action.CustomerAction:customerDelete',''),(1,'ru.bgcrm.struts.action.CustomerAction:null',''),(1,'ru.bgcrm.struts.action.CustomerAction:customerTitleList',''),(1,'ru.bgcrm.struts.action.CustomerAction:customerMerge',''),(1,'ru.bgcrm.struts.action.CustomerAction:customerProcessList',''),(1,'ru.bgcrm.struts.action.CustomerAction:customerCreateProcess',''),(1,'ru.bgcrm.struts.action.DirectoryAddressAction:null',''),(1,'ru.bgcrm.struts.action.DirectoryAddressAction:addressGet',''),(1,'ru.bgcrm.struts.action.DirectoryAddressAction:getAddressItem',''),(1,'ru.bgcrm.struts.action.DirectoryAddressAction:streetSearch',''),(1,'ru.bgcrm.struts.action.DirectoryAddressAction:addressUpdate',''),(1,'ru.bgcrm.struts.action.DirectoryAddressAction:addressDelete',''),(1,'ru.bgcrm.struts.action.DirectoryAddressAction:houseSearch',''),(1,'ru.bgcrm.struts.action.FileAction:null',''),(1,'ru.bgcrm.struts.action.LinkAction:addLink',''),(1,'ru.bgcrm.struts.action.LinkAction:deleteLink',''),(1,'ru.bgcrm.struts.action.LinkAction:deleteLinksTo',''),(1,'ru.bgcrm.struts.action.LinkAction:linkList',''),(1,'ru.bgcrm.struts.action.LinkAction:deleteLinksWithType',''),(1,'ru.bgcrm.struts.action.ParameterAction:parameterList',''),(1,'ru.bgcrm.struts.action.ParameterAction:parameterGet',''),(1,'ru.bgcrm.struts.action.ParameterAction:parameterUpdate',''),(1,'ru.bgcrm.struts.action.ParameterAction:parameterLog',''),(1,'ru.bgcrm.struts.action.ProcessAction:queue',''),(1,'ru.bgcrm.struts.action.ProcessAction:queueGet',''),(1,'ru.bgcrm.struts.action.ProcessAction:queueShow',''),(1,'ru.bgcrm.struts.action.ProcessAction:queueSavedFilterSet',''),(1,'ru.bgcrm.struts.action.ProcessAction:null',''),(1,'ru.bgcrm.struts.action.ProcessAction:process',''),(1,'ru.bgcrm.struts.action.ProcessAction:typeTree',''),(1,'ru.bgcrm.struts.action.ProcessAction:processCreate',''),(1,'ru.bgcrm.struts.action.ProcessAction:processDoCommands',''),(1,'ru.bgcrm.struts.action.ProcessAction:processStatusUpdate',''),(1,'ru.bgcrm.struts.action.ProcessAction:processStatusHistory',''),(1,'ru.bgcrm.struts.action.ProcessAction:processPriorityUpdate',''),(1,'ru.bgcrm.struts.action.ProcessAction:processDescriptionUpdate',''),(1,'ru.bgcrm.struts.action.ProcessAction:processDescriptionAdd',''),(1,'ru.bgcrm.struts.action.ProcessAction:processGroupsUpdate',''),(1,'ru.bgcrm.struts.action.ProcessAction:processExecutorsUpdate',''),(1,'ru.bgcrm.struts.action.ProcessAction:linkedProcessList',''),(1,'ru.bgcrm.struts.action.ProcessAction:linkedProcessInfo',''),(1,'ru.bgcrm.struts.action.ProcessAction:linkedProcessCreate',''),(1,'ru.bgcrm.struts.action.ProcessAction:сreateLinkedProcess',''),(1,'ru.bgcrm.struts.action.ProcessAction:linkProcessList',''),(1,'ru.bgcrm.struts.action.ProcessAction:linkProcessCreate',''),(1,'ru.bgcrm.struts.action.ProcessAction:processCustomClassInvoke',''),(1,'ru.bgcrm.struts.action.MessageAction:null',''),(1,'ru.bgcrm.struts.action.MessageAction:messageList',''),(1,'ru.bgcrm.struts.action.MessageAction:newMessageLoad',''),(1,'ru.bgcrm.struts.action.MessageAction:messageUpdate',''),(1,'ru.bgcrm.struts.action.MessageAction:processMessageList',''),(1,'ru.bgcrm.struts.action.MessageAction:messageCreate',''),(1,'ru.bgcrm.struts.action.MessageAction:messageDelete',''),(1,'ru.bgcrm.struts.action.SearchAction:customerSearch',''),(1,'ru.bgcrm.struts.action.SearchAction:processSearch',''),(1,'ru.bgcrm.struts.action.SearchAction:null',''),(1,'ru.bgcrm.struts.action.UserAction:userList',''),(1,'ru.bgcrm.struts.action.AddressDistributionAction:null',''),(1,'ru.bgcrm.struts.action.AddressDistributionAction:getHouses',''),(1,'ru.bgcrm.struts.action.AddressDistributionAction:getUsers',''),(1,'ru.bgcrm.struts.action.AddressDistributionAction:userList',''),(1,'ru.bgcrm.struts.action.AddressDistributionAction:undistributedHouses',''),(1,'ru.bgcrm.struts.action.AddressDistributionAction:distrList',''),(1,'ru.bgcrm.struts.action.AddressDistributionAction:userHouses',''),(1,'ru.bgcrm.struts.action.AddressDistributionAction:attachHouseToUser',''),(1,'ru.bgcrm.struts.action.AddressDistributionAction:removeHouseFromUser',''),(1,'ru.bgcrm.struts.action.AddressDistributionAction:getUserByHouse',''),(1,'ru.bgcrm.struts.action.AddressDistributionAction:quarterDistribution',''),(1,'ru.bgcrm.struts.action.AddressDistributionAction:groupList',''),(1,'ru.bgcrm.struts.action.AddressDistributionAction:undistributedGroups',''),(1,'ru.bgcrm.struts.action.AddressDistributionAction:attachQuarterToGroup',''),(1,'ru.bgcrm.struts.action.AddressDistributionAction:groupQuarters',''),(1,'ru.bgcrm.struts.action.AddressDistributionAction:removeQuarterFromGroup',''),(1,'ru.bgcrm.struts.action.NewsAction:newsList',''),(1,'ru.bgcrm.struts.action.NewsAction:newsSetRead',''),(1,'ru.bgcrm.struts.action.NewsAction:newsSetAllRead',''),(1,'ru.bgcrm.struts.action.NewsAction:newsCreate',''),(1,'ru.bgcrm.struts.action.ParameterAction:entityLog',''),(1,'ru.bgcrm.struts.action.ProfileAction:updateSettings',''),(1,'ru.bgcrm.plugin.bgbilling.struts.action.SearchAction:commonContractSearch',''),(1,'ru.bgcrm.plugin.bgbilling.struts.action.ContractAction:null',''),(1,'ru.bgcrm.plugin.bgbilling.struts.action.ContractAction:addProcessContractLink',''),(1,'ru.bgcrm.plugin.bgbilling.struts.action.ContractAction:copyCustomerParamToContract',''),(1,'ru.bgcrm.plugin.bgbilling.struts.action.ContractAction:getContractCreatePattern',''),(1,'ru.bgcrm.plugin.bgbilling.struts.action.ContractAction:customerContractList',''),(1,'ru.bgcrm.plugin.bgbilling.struts.action.ContractAction:createCustomerFromContract',''),(1,'ru.bgcrm.plugin.bgbilling.struts.action.ContractAction:copyCustomerParamCascade',''),(1,'ru.bgcrm.plugin.bgbilling.struts.action.CommonContractAction:null',''),(1,'ru.bgcrm.plugin.bgbilling.struts.action.CommonContractAction:commonContractList',''),(1,'ru.bgcrm.plugin.bgbilling.struts.action.CommonContractAction:commonContractCreate',''),(1,'ru.bgcrm.plugin.bgbilling.struts.action.CommonContractAction:commonContractUpdate',''),(1,'ru.bgcrm.plugin.bgbilling.struts.action.CommonContractAction:commonContractDelete',''),(1,'ru.bgcrm.plugin.bgbilling.struts.action.CommonContractAction:copyParamToContract',''),(1,'ru.bgcrm.plugin.bgbilling.struts.action.CommonContractAction:commonContractUpdatePassword',''),(1,'ru.bgcrm.plugin.bgbilling.struts.action.ContractAction:contractCreate',''),(1,'ru.bgcrm.plugin.bgbilling.struts.action.ContractAction:contractSetTariff',''),(1,'ru.bgcrm.plugin.bgbilling.proto.struts.action.ContractAction:contractInfo',''),(1,'ru.bgcrm.plugin.bgbilling.proto.struts.action.ContractAction:bgbillingOpenContract',''),(1,'ru.bgcrm.plugin.bgbilling.proto.struts.action.ContractAction:bgbillingUpdateContractTitleAndComment',''),(1,'ru.bgcrm.plugin.bgbilling.proto.struts.action.ContractAction:bgbillingGetContractPatternList',''),(1,'ru.bgcrm.plugin.bgbilling.proto.struts.action.ContractAction:contractCards',''),(1,'ru.bgcrm.plugin.bgbilling.proto.struts.action.ContractAction:getContractCard',''),(1,'ru.bgcrm.plugin.bgbilling.proto.struts.action.BillingCrmAction:contractParameterList',''),(1,'ru.bgcrm.plugin.bgbilling.proto.struts.action.BillingCrmAction:parameterUpdate',''),(1,'ru.bgcrm.plugin.bgbilling.proto.struts.action.ContractAction:parameterGroupUpdate',''),(1,'ru.bgcrm.plugin.bgbilling.proto.struts.action.BillingCrmAction:contractSubcontractList',''),(1,'ru.bgcrm.plugin.bgbilling.proto.struts.action.BillingCrmAction:contractObjectList',''),(1,'ru.bgcrm.plugin.bgbilling.proto.struts.action.BillingCrmAction:contractObjectParameterList',''),(1,'ru.bgcrm.plugin.bgbilling.proto.struts.action.BillingCrmAction:updateObjectParameter',''),(1,'ru.bgcrm.plugin.bgbilling.proto.struts.action.BillingCrmAction:updateContractObject',''),(1,'ru.bgcrm.plugin.bgbilling.proto.struts.action.BillingCrmAction:deleteContractObject',''),(1,'ru.bgcrm.plugin.bgbilling.proto.struts.action.BillingCrmAction:contractObjectModuleSummaryTable',''),(1,'ru.bgcrm.plugin.bgbilling.proto.struts.action.BillingCrmAction:contractObjectModuleInfo',''),(1,'ru.bgcrm.plugin.bgbilling.proto.struts.action.BillingCrmAction:additionalActionList',''),(1,'ru.bgcrm.plugin.bgbilling.proto.struts.action.BillingCrmAction:executeAdditionalAction',''),(1,'ru.bgcrm.plugin.bgbilling.proto.struts.action.BillingCrmAction:contractGroupList',''),(1,'ru.bgcrm.plugin.bgbilling.proto.struts.action.BillingCrmAction:updateGroupList',''),(1,'ru.bgcrm.plugin.bgbilling.proto.struts.action.ContractAction:status',''),(1,'ru.bgcrm.plugin.bgbilling.proto.struts.action.ContractAction:updateStatus',''),(1,'ru.bgcrm.plugin.bgbilling.proto.struts.action.ContractAction:limit',''),(1,'ru.bgcrm.plugin.bgbilling.proto.struts.action.ContractAction:updateLimit',''),(1,'ru.bgcrm.plugin.bgbilling.proto.struts.action.ContractAction:deleteLimitTask',''),(1,'ru.bgcrm.plugin.bgbilling.proto.struts.action.BillingCrmAction:contractScriptList',''),(1,'ru.bgcrm.plugin.bgbilling.proto.struts.action.BillingCrmAction:deleteContractScript',''),(1,'ru.bgcrm.plugin.bgbilling.proto.struts.action.BillingCrmAction:updateContractScript',''),(1,'ru.bgcrm.plugin.bgbilling.proto.struts.action.BillingCrmAction:getContractScriptLog',''),(1,'ru.bgcrm.plugin.bgbilling.proto.struts.action.BillingCrmAction:globalTariffList',''),(1,'ru.bgcrm.plugin.bgbilling.proto.struts.action.ContractTariffAction:getContractTariff',''),(1,'ru.bgcrm.plugin.bgbilling.proto.struts.action.BillingCrmAction:updateContractTariffPlan',''),(1,'ru.bgcrm.plugin.bgbilling.proto.struts.action.BillingCrmAction:deleteContractTariffPlan',''),(1,'ru.bgcrm.plugin.bgbilling.proto.struts.action.BillingCrmAction:groupTariffList',''),(1,'ru.bgcrm.plugin.bgbilling.proto.struts.action.BillingCrmAction:updateContractTariffGroup',''),(1,'ru.bgcrm.plugin.bgbilling.proto.struts.action.BillingCrmAction:deleteContractTariffGroup',''),(1,'ru.bgcrm.plugin.bgbilling.proto.struts.action.BillingCrmAction:tariffOptionList',''),(1,'ru.bgcrm.plugin.bgbilling.proto.struts.action.BillingCrmAction:contractAvailableOptionList',''),(1,'ru.bgcrm.plugin.bgbilling.proto.struts.action.BillingCrmAction:activateContractOption',''),(1,'ru.bgcrm.plugin.bgbilling.proto.struts.action.BillingCrmAction:deleteContractOption',''),(1,'ru.bgcrm.plugin.bgbilling.proto.struts.action.BillingCrmAction:personalTariffList',''),(1,'ru.bgcrm.plugin.bgbilling.proto.struts.action.BillingCrmAction:deleteContractPersonalTariff',''),(1,'ru.bgcrm.plugin.bgbilling.proto.struts.action.BillingCrmAction:updateContractPersonalTariff',''),(1,'ru.bgcrm.plugin.bgbilling.proto.struts.action.BillingCrmAction:contractMemoList',''),(1,'ru.bgcrm.plugin.bgbilling.proto.struts.action.ContractAction:getMemo',''),(1,'ru.bgcrm.plugin.bgbilling.proto.struts.action.BillingCrmAction:updateContractMemo',''),(1,'ru.bgcrm.plugin.bgbilling.proto.struts.action.BillingCrmAction:deleteContractMemo',''),(1,'ru.bgcrm.plugin.bgbilling.proto.struts.action.ContractAction:modeLog',''),(1,'ru.bgcrm.plugin.bgbilling.proto.struts.action.ContractAction:updateMode',''),(1,'ru.bgcrm.plugin.bgbilling.proto.struts.action.ContractAction:faceLog',''),(1,'ru.bgcrm.plugin.bgbilling.proto.struts.action.ContractAction:updateFace',''),(1,'ru.bgcrm.plugin.bgbilling.proto.struts.action.BalanceAction:contractPaymentList',''),(1,'ru.bgcrm.plugin.bgbilling.proto.struts.action.BalanceAction:contractChargeList',''),(1,'ru.bgcrm.plugin.bgbilling.proto.struts.action.BalanceAction:contractAccountList',''),(1,'ru.bgcrm.plugin.bgbilling.proto.struts.action.BalanceAction:contractBalanceList',''),(1,'ru.bgcrm.plugin.bgbilling.proto.struts.action.BalanceAction:contractDetailBalanceList',''),(1,'ru.bgcrm.plugin.bgbilling.proto.struts.action.BalanceAction:balanceEditor',''),(1,'ru.bgcrm.plugin.bgbilling.proto.struts.action.BalanceAction:updateBalance',''),(1,'ru.bgcrm.plugin.bgbilling.proto.struts.action.BalanceAction:deletePayment',''),(1,'ru.bgcrm.plugin.bgbilling.proto.struts.action.BalanceAction:deleteCharge',''),(1,'ru.bgcrm.plugin.bgbilling.proto.struts.action.ContractAction:moduleList',''),(1,'ru.bgcrm.plugin.bgbilling.proto.struts.action.ContractAction:updateModules',''),(1,'ru.bgcrm.plugin.bgbilling.proto.struts.action.DialUpAction:contractInfo',''),(1,'ru.bgcrm.plugin.bgbilling.proto.struts.action.DialUpAction:getLogin',''),(1,'ru.bgcrm.plugin.bgbilling.proto.struts.action.DialUpAction:updateLogin',''),(1,'ru.bgcrm.plugin.bgbilling.proto.struts.action.DialUpAction:getLoginPassword',''),(1,'ru.bgcrm.plugin.bgbilling.proto.struts.action.DialUpAction:showLoginPassword',''),(1,'ru.bgcrm.plugin.bgbilling.proto.struts.action.DialUpAction:updateLoginPassword',''),(1,'ru.bgcrm.plugin.bgbilling.proto.struts.action.DialUpAction:updateStaticIP',''),(1,'ru.bgcrm.plugin.bgbilling.proto.struts.action.DialUpAction:updateRestrict',''),(1,'ru.bgcrm.plugin.bgbilling.proto.struts.action.DialUpAction:updateLoginRadiusInfo',''),(1,'ru.bgcrm.plugin.bgbilling.proto.struts.action.DialUpAction:getPeriod',''),(1,'ru.bgcrm.plugin.bgbilling.proto.struts.action.DialUpAction:updatePeriod',''),(1,'ru.bgcrm.plugin.bgbilling.proto.struts.action.DialUpAction:sessionList',''),(1,'ru.bgcrm.plugin.bgbilling.proto.struts.action.DialUpAction:errorList',''),(1,'ru.bgcrm.plugin.bgbilling.proto.struts.action.DialUpAction:radiusLog',''),(1,'ru.bgcrm.plugin.bgbilling.proto.struts.action.DialUpAction:terminateSession',''),(1,'ru.bgcrm.plugin.bgbilling.proto.struts.action.NPayAction:serviceList',''),(1,'ru.bgcrm.plugin.bgbilling.proto.struts.action.NPayAction:serviceGet',''),(1,'ru.bgcrm.plugin.bgbilling.proto.struts.action.NPayAction:serviceUpdate',''),(1,'ru.bgcrm.plugin.bgbilling.proto.struts.action.NPayAction:serviceDelete',''),(1,'ru.bgcrm.plugin.bgbilling.proto.struts.action.CerberCryptAction:cardPacketList',''),(1,'ru.bgcrm.plugin.bgbilling.proto.struts.action.CerberCryptAction:contractCards',''),(1,'ru.bgcrm.plugin.bgbilling.proto.struts.action.CerberCryptAction:getPacketList',''),(1,'ru.bgcrm.plugin.bgbilling.proto.struts.action.CerberCryptAction:getFreeCards',''),(1,'ru.bgcrm.plugin.bgbilling.proto.struts.action.CerberCryptAction:updateCard',''),(1,'ru.bgcrm.plugin.bgbilling.proto.struts.action.CerberCryptAction:updateCardPacket',''),(1,'ru.bgcrm.plugin.bgbilling.proto.struts.action.PhoneAction:updateClientItem',''),(1,'ru.bgcrm.plugin.bgbilling.proto.struts.action.PhoneAction:sessionList',''),(1,'ru.bgcrm.plugin.bgbilling.proto.struts.action.VoiceIpAction:getLogins',''),(1,'ru.bgcrm.plugin.bgbilling.proto.struts.action.VoiceIpAction:getLogin',''),(1,'ru.bgcrm.plugin.bgbilling.proto.struts.action.VoiceIpAction:updateLogin',''),(1,'ru.bgcrm.plugin.bgbilling.proto.struts.action.BillingCrmAction:registerGroupList',''),(1,'ru.bgcrm.plugin.bgbilling.proto.struts.action.BillingCrmAction:registerExecutorList',''),(1,'ru.bgcrm.plugin.bgbilling.proto.struts.action.BillingCrmAction:callList',''),(1,'ru.bgcrm.plugin.bgbilling.proto.struts.action.BillingCrmAction:callTypeList',''),(1,'ru.bgcrm.plugin.bgbilling.proto.struts.action.BillingCrmAction:callCurrentProblemList',''),(1,'ru.bgcrm.plugin.bgbilling.proto.struts.action.BillingCrmAction:createRegisterCall',''),(1,'ru.bgcrm.plugin.bgbilling.proto.struts.action.BillingCrmAction:taskList',''),(1,'ru.bgcrm.plugin.bgbilling.proto.struts.action.BillingCrmAction:taskTypeList',''),(1,'ru.bgcrm.plugin.bgbilling.proto.struts.action.BillingCrmAction:createRegisterTask',''),(1,'ru.bgcrm.plugin.bgbilling.proto.struts.action.BillingCrmAction:updateRegisterTask',''),(1,'ru.bgcrm.plugin.bgbilling.proto.struts.action.BillingCrmAction:registerProblemListItem',''),(1,'ru.bgcrm.plugin.bgbilling.proto.struts.action.BillingCrmAction:updateRegisterProblem',''),(1,'ru.bgcrm.plugin.bgbilling.proto.struts.action.HelpDeskAction:getAttach',''),(1,'ru.bgcrm.plugin.bgbilling.proto.struts.action.HelpDeskAction:markMessageRead',''),(1,'ru.bgcrm.plugin.bgbilling.proto.struts.action.BalanceAction:registratorList',''),(1,'ru.bgcrm.plugin.bgbilling.proto.struts.action.BalanceAction:printCheck',''),(1,'ru.bgcrm.plugin.document.struts.action.DocumentAction:null',''),(1,'ru.bgcrm.plugin.document.struts.action.DocumentAction:uploadDocument',''),(1,'ru.bgcrm.plugin.document.struts.action.DocumentAction:generateDocument',''),(1,'ru.bgcrm.plugin.document.struts.action.DocumentAction:deleteDocument',''),(1,'ru.bgcrm.plugin.fias.struts.action.FiasAction:null',''),(1,'ru.bgcrm.plugin.fias.struts.action.FiasAction:searchStreetByTerm',''),(1,'ru.bgcrm.plugin.fias.struts.action.FiasAction:searchSimilarStreet',''),(1,'ru.bgcrm.plugin.fias.struts.action.FiasAction:updateBase',''),(1,'ru.bgcrm.plugin.fias.struts.action.FiasAction:linkStreetList',''),(1,'ru.bgcrm.plugin.fias.struts.action.FiasAction:addStreetLink',''),(1,'ru.bgcrm.plugin.fias.struts.action.FiasAction:searchHouseByTerm',''),(1,'ru.bgcrm.plugin.fias.struts.action.FiasAction:copyPostalCode',''),(1,'ru.bgcrm.plugin.fias.struts.action.FiasAction:copyStreetTitle',''),(1,'ru.bgcrm.plugin.fias.struts.action.FiasAction:manualSetPostalCode',''),(1,'ru.bgcrm.plugin.fias.struts.action.FiasAction:delStreetLink',''),(1,'ru.bgcrm.plugin.fias.struts.action.FiasAction:delHouseLink',''),(1,'ru.bgcrm.plugin.fias.struts.action.FiasAction:updateFiasBase',''),(1,'ru.bgcrm.plugin.report.struts.action.ReportAction:null',''),(1,'ru.bgcrm.plugin.ufanet.struts.action.EppAction:freeAppointmentList',''),(1,'ru.bgcrm.plugin.ufanet.struts.action.EppAction:reserveAppointment',''),(1,'ru.bgcrm.plugin.ufanet.struts.action.EppAction:assignAppointment',''),(1,'ru.bgcrm.plugin.ufanet.struts.action.EppAction:removeAppointment',''),(1,'ru.bgcrm.plugin.ufanet.struts.action.EppAction:setTimeToTask',''),(1,'ru.bgcrm.plugin.ufanet.struts.action.EppAction:epp',''),(1,'ru.bgcrm.plugin.ufanet.struts.action.admin.SimCardAction:searchSimCard',''),(1,'ru.bgcrm.plugin.ufanet.struts.action.admin.SimCardAction:addSimCard',''),(1,'ru.bgcrm.plugin.ufanet.struts.action.admin.SimCardAction:updateSimCardCategory',''),(1,'ru.bgcrm.plugin.vacancy.struts.action.VacancyAction:null',''),(1,'ru.bgcrm.plugin.vacancy.struts.action.VacancyAction:vacancyList',''),(1,'ru.bgcrm.plugin.vacancy.struts.action.VacancyAction:vacancyGet',''),(1,'ru.bgcrm.plugin.vacancy.struts.action.VacancyAction:vacancyUpdate',''),(1,'ru.bgcrm.plugin.vacancy.struts.action.VacancyAction:vacancyDelete',''),(1,'ru.bgcrm.plugin.wizard.struts.action.admin.WizardAction:null',''),(1,'ru.bgcrm.plugin.wizard.struts.action.admin.WizardAction:getWizard',''),(1,'ru.bgcrm.plugin.wizard.struts.action.admin.WizardAction:updateWizard',''),(1,'ru.bgcrm.plugin.wizard.struts.action.admin.WizardAction:getNodeList',''),(1,'ru.bgcrm.plugin.wizard.struts.action.admin.WizardAction:getNode',''),(1,'ru.bgcrm.plugin.wizard.struts.action.admin.WizardAction:updateNode',''),(1,'ru.bgcrm.plugin.wizard.struts.action.admin.WizardAction:deleteNode',''),(1,'ru.bgcrm.plugin.wizard.struts.action.admin.WizardAction:updateNodePosition',''),(1,'ru.bgcrm.plugin.wizard.struts.action.admin.WizardAction:getLinkList',''),(1,'ru.bgcrm.plugin.wizard.struts.action.admin.WizardAction:getLink',''),(1,'ru.bgcrm.plugin.wizard.struts.action.admin.WizardAction:updateLink',''),(1,'ru.bgcrm.plugin.wizard.struts.action.admin.WizardAction:deleteLink',''),(1,'ru.bgcrm.plugin.wizard.struts.action.WizardAction:null',''),(1,'ru.bgcrm.plugin.wizard.struts.action.WizardAction:runWizard','');

-- какие-то тестовые процессы;
UPDATE process SET 
    create_dt = create_dt + INTERVAL DATEDIFF(CURDATE(), '2013-12-01') DAY,
    status_dt = status_dt + INTERVAL DATEDIFF(CURDATE(), '2013-12-01') DAY
WHERE id >= 1 AND id <= 9;

-- график дежурств, назначение на процесс 10;
UPDATE callboard_task SET 
	time = time + INTERVAL DATEDIFF(CURDATE(), '2016-01-12') DAY;
UPDATE callboard_shift_user SET
	date = date + INTERVAL DATEDIFF(CURDATE(), '2016-01-12') DAY;
UPDATE process SET 
    create_dt = create_dt + INTERVAL DATEDIFF(CURDATE(), '2016-01-12') DAY,
    status_dt = status_dt + INTERVAL DATEDIFF(CURDATE(), '2016-01-12') DAY
WHERE id = 10;
UPDATE param_datetime SET
	value = value + INTERVAL DATEDIFF(CURDATE(), '2016-01-12') DAY
WHERE id=10;

